,GO_ID,GO_term,GO_term_Count
0,GO:0005515,protein binding,73
1,GO:0005829,cytosol,41
2,GO:0005737,cytoplasm,35
3,GO:0005634,nucleus,34
4,GO:0005886,plasma membrane,29
5,GO:0005654,nucleoplasm,22
6,GO:0016020,membrane,21
7,GO:0070062,extracellular exosome,17
8,GO:0005524,ATP binding,17
9,GO:0046872,metal ion binding,17
10,GO:0003723,RNA binding,12
11,GO:0045944,positive regulation of transcription by RNA polymerase II,12
12,GO:0042802,identical protein binding,11
13,GO:0005576,extracellular region,11
14,GO:0030425,dendrite,10
15,GO:0005739,mitochondrion,9
16,GO:0006357,regulation of transcription by RNA polymerase II,9
17,GO:0005794,Golgi apparatus,9
18,GO:0007165,signal transduction,9
19,GO:0106310,protein serine kinase activity,8
20,GO:0003677,DNA binding,8
21,GO:0048471,perinuclear region of cytoplasm,8
22,GO:0006468,protein phosphorylation,8
23,GO:0005925,focal adhesion,8
24,GO:0000785,chromatin,7
25,GO:0007420,brain development,7
26,GO:0004674,protein serine/threonine kinase activity,7
27,GO:0005783,endoplasmic reticulum,7
28,GO:0030424,axon,7
29,GO:0008270,zinc ion binding,7
30,GO:0045892,negative regulation of DNA-templated transcription,7
31,GO:0000122,negative regulation of transcription by RNA polymerase II,7
32,GO:0045893,positive regulation of DNA-templated transcription,7
33,GO:0000981,"DNA-binding transcription factor activity, RNA polymerase II-specific",6
34,GO:0010629,negative regulation of gene expression,6
35,GO:0043066,negative regulation of apoptotic process,6
36,GO:0009986,cell surface,6
37,GO:0000978,RNA polymerase II cis-regulatory region sequence-specific DNA binding,6
38,GO:0045666,positive regulation of neuron differentiation,6
39,GO:0005615,extracellular space,6
40,GO:0010628,positive regulation of gene expression,5
41,GO:0005874,microtubule,5
42,GO:0019901,protein kinase binding,5
43,GO:0032991,protein-containing complex,5
44,GO:0016567,protein ubiquitination,5
45,GO:0043231,intracellular membrane-bounded organelle,5
46,GO:0098978,glutamatergic synapse,5
47,GO:0016607,nuclear speck,5
48,GO:0031267,small GTPase binding,5
49,GO:0015629,actin cytoskeleton,5
50,GO:0008017,microtubule binding,5
51,GO:0043025,neuronal cell body,5
52,GO:0061630,ubiquitin protein ligase activity,5
53,GO:0045087,innate immune response,4
54,GO:0001525,angiogenesis,4
55,GO:0030335,positive regulation of cell migration,4
56,GO:0006355,regulation of DNA-templated transcription,4
57,GO:0045121,membrane raft,4
58,GO:0005516,calmodulin binding,4
59,GO:0008285,negative regulation of cell population proliferation,4
60,GO:0044877,protein-containing complex binding,4
61,GO:0030027,lamellipodium,4
62,GO:0006897,endocytosis,4
63,GO:0016323,basolateral plasma membrane,4
64,GO:0031982,vesicle,4
65,GO:0019899,enzyme binding,4
66,GO:0000139,Golgi membrane,4
67,GO:0004672,protein kinase activity,4
68,GO:0044325,transmembrane transporter binding,4
69,GO:0043005,neuron projection,4
70,GO:0007049,cell cycle,4
71,GO:0016324,apical plasma membrane,4
72,GO:0007399,nervous system development,4
73,GO:0042734,presynaptic membrane,4
74,GO:0007568,aging,3
75,GO:0003779,actin binding,3
76,GO:0010494,cytoplasmic stress granule,3
77,GO:0030307,positive regulation of cell growth,3
78,GO:0008083,growth factor activity,3
79,GO:0046777,protein autophosphorylation,3
80,GO:0045471,response to ethanol,3
81,GO:0007613,memory,3
82,GO:0008022,protein C-terminus binding,3
83,GO:0048813,dendrite morphogenesis,3
84,GO:0050729,positive regulation of inflammatory response,3
85,GO:0003729,mRNA binding,3
86,GO:0005764,lysosome,3
87,GO:0007411,axon guidance,3
88,GO:0030324,lung development,3
89,GO:0019904,protein domain specific binding,3
90,GO:0048009,insulin-like growth factor receptor signaling pathway,3
91,GO:0006508,proteolysis,3
92,GO:0006511,ubiquitin-dependent protein catabolic process,3
93,GO:1990837,sequence-specific double-stranded DNA binding,3
94,GO:0004842,ubiquitin-protein transferase activity,3
95,GO:0070371,ERK1 and ERK2 cascade,3
96,GO:0010288,response to lead ion,3
97,GO:0035556,intracellular signal transduction,3
98,GO:0006351,DNA-templated transcription,3
99,GO:0005759,mitochondrial matrix,3
100,GO:0045669,positive regulation of osteoblast differentiation,3
101,GO:0005158,insulin receptor binding,3
102,GO:0000209,protein polyubiquitination,3
103,GO:0045202,synapse,3
104,GO:0008284,positive regulation of cell population proliferation,3
105,GO:0001228,"DNA-binding transcription activator activity, RNA polymerase II-specific",3
106,GO:0032869,cellular response to insulin stimulus,3
107,GO:0018105,peptidyl-serine phosphorylation,3
108,GO:0046627,negative regulation of insulin receptor signaling pathway,3
109,GO:0005509,calcium ion binding,3
110,GO:0003712,transcription coregulator activity,3
111,GO:0003713,transcription coactivator activity,3
112,GO:0048167,regulation of synaptic plasticity,3
113,GO:0071356,cellular response to tumor necrosis factor,3
114,GO:0000976,transcription cis-regulatory region binding,3
115,GO:0006325,chromatin organization,3
116,GO:0005694,chromosome,3
117,GO:0062023,collagen-containing extracellular matrix,3
118,GO:0051091,positive regulation of DNA-binding transcription factor activity,3
119,GO:0016887,ATP hydrolysis activity,3
120,GO:0046330,positive regulation of JNK cascade,3
121,GO:0071222,cellular response to lipopolysaccharide,3
122,GO:0051092,positive regulation of NF-kappaB transcription factor activity,3
123,GO:0005730,nucleolus,3
124,GO:0098609,cell-cell adhesion,3
125,GO:1904646,cellular response to amyloid-beta,3
126,GO:0007267,cell-cell signaling,3
127,GO:0043410,positive regulation of MAPK cascade,3
128,GO:0043491,protein kinase B signaling,2
129,GO:0045664,regulation of neuron differentiation,2
130,GO:0005575,cellular_component,2
131,GO:0005788,endoplasmic reticulum lumen,2
132,GO:0005789,endoplasmic reticulum membrane,2
133,GO:0042995,cell projection,2
134,GO:0009897,external side of plasma membrane,2
135,GO:0007254,JNK cascade,2
136,GO:0040014,regulation of multicellular organism growth,2
137,GO:0042803,protein homodimerization activity,2
138,GO:0036211,protein modification process,2
139,GO:0097009,energy homeostasis,2
140,GO:0006606,protein import into nucleus,2
141,GO:0071300,cellular response to retinoic acid,2
142,GO:2000653,regulation of genetic imprinting,2
143,GO:0071333,cellular response to glucose stimulus,2
144,GO:0003899,DNA-directed 5'-3' RNA polymerase activity,2
145,GO:0005813,centrosome,2
146,GO:0009898,cytoplasmic side of plasma membrane,2
147,GO:0004175,endopeptidase activity,2
148,GO:0043197,dendritic spine,2
149,GO:0036464,cytoplasmic ribonucleoprotein granule,2
150,GO:0031122,cytoplasmic microtubule organization,2
151,GO:0098982,GABA-ergic synapse,2
152,GO:0031410,cytoplasmic vesicle,2
153,GO:2000564,"regulation of CD8-positive, alpha-beta T cell proliferation",2
154,GO:0005856,cytoskeleton,2
155,GO:0140297,DNA-binding transcription factor binding,2
156,GO:0070372,regulation of ERK1 and ERK2 cascade,2
157,GO:0043235,receptor complex,2
158,GO:0007186,G protein-coupled receptor signaling pathway,2
159,GO:0046328,regulation of JNK cascade,2
160,GO:0032591,dendritic spine membrane,2
161,GO:0007268,chemical synaptic transmission,2
162,GO:0043408,regulation of MAPK cascade,2
163,GO:0010506,regulation of autophagy,2
164,GO:0050790,regulation of catalytic activity,2
165,GO:0048565,digestive tract development,2
166,GO:0003682,chromatin binding,2
167,GO:0006303,double-strand break repair via nonhomologous end joining,2
168,GO:0005769,early endosome,2
169,GO:0006605,protein targeting,2
170,GO:0042632,cholesterol homeostasis,2
171,GO:0043621,protein self-association,2
172,GO:0030334,regulation of cell migration,2
173,GO:0008203,cholesterol metabolic process,2
174,GO:0010008,endosome membrane,2
175,GO:0070936,protein K48-linked ubiquitination,2
176,GO:0031093,platelet alpha granule lumen,2
177,GO:0046325,negative regulation of glucose import,2
178,GO:0045599,negative regulation of fat cell differentiation,2
179,GO:0014065,phosphatidylinositol 3-kinase signaling,2
180,GO:2001237,negative regulation of extrinsic apoptotic signaling pathway,2
181,GO:0045736,negative regulation of cyclin-dependent protein serine/threonine kinase activity,2
182,GO:0048015,phosphatidylinositol-mediated signaling,2
183,GO:0007162,negative regulation of cell adhesion,2
184,GO:0043388,positive regulation of DNA binding,2
185,GO:0090263,positive regulation of canonical Wnt signaling pathway,2
186,GO:0046716,muscle cell cellular homeostasis,2
187,GO:0042104,positive regulation of activated T cell proliferation,2
188,GO:0043065,positive regulation of apoptotic process,2
189,GO:0003674,molecular_function,2
190,GO:0060090,molecular adaptor activity,2
191,GO:0050804,modulation of chemical synaptic transmission,2
192,GO:0070886,positive regulation of calcineurin-NFAT signaling cascade,2
193,GO:0006909,phagocytosis,2
194,GO:0005778,peroxisomal membrane,2
195,GO:0043204,perikaryon,2
196,GO:0018108,peptidyl-tyrosine phosphorylation,2
197,GO:0001764,neuron migration,2
198,GO:0032809,neuronal cell body membrane,2
199,GO:0030182,neuron differentiation,2
200,GO:0022008,neurogenesis,2
201,GO:0061351,neural precursor cell proliferation,2
202,GO:0042060,wound healing,2
203,GO:0090305,nucleic acid phosphodiester bond hydrolysis,2
204,GO:0004115,"3',5'-cyclic-AMP phosphodiesterase activity",2
205,GO:0090201,negative regulation of release of cytochrome c from mitochondria,2
206,GO:0006469,negative regulation of protein kinase activity,2
207,GO:0021554,optic nerve development,2
208,GO:0001649,osteoblast differentiation,2
209,GO:0045665,negative regulation of neuron differentiation,2
210,GO:0008233,peptidase activity,2
211,GO:0007026,negative regulation of microtubule depolymerization,2
212,GO:0051928,positive regulation of calcium ion transport,2
213,GO:0046785,microtubule polymerization,2
214,GO:1904813,ficolin-1-rich granule lumen,2
215,GO:0048661,positive regulation of smooth muscle cell proliferation,2
216,GO:0050731,positive regulation of peptidyl-tyrosine phosphorylation,2
217,GO:0014068,positive regulation of phosphatidylinositol 3-kinase signaling,2
218,GO:0005178,integrin binding,2
219,GO:0005159,insulin-like growth factor receptor binding,2
220,GO:0051897,positive regulation of protein kinase B signaling,2
221,GO:0016477,cell migration,2
222,GO:0006954,inflammatory response,2
223,GO:0042393,histone binding,2
224,GO:0035371,microtubule plus-end,2
225,GO:0030511,positive regulation of transforming growth factor beta receptor signaling pathway,2
226,GO:0098686,hippocampal mossy fiber to CA3 synapse,2
227,GO:0098794,postsynapse,2
228,GO:0030426,growth cone,2
229,GO:0048786,presynaptic active zone,2
230,GO:0010467,gene expression,2
231,GO:0043161,proteasome-mediated ubiquitin-dependent protein catabolic process,2
232,GO:0014704,intercalated disc,2
233,GO:0033138,positive regulation of peptidyl-serine phosphorylation,2
234,GO:0006886,intracellular protein transport,2
235,GO:0034220,ion transmembrane transport,2
236,GO:0000226,microtubule cytoskeleton organization,2
237,GO:0120162,positive regulation of cold-induced thermogenesis,2
238,GO:0046718,viral entry into host cell,2
239,GO:0007204,positive regulation of cytosolic calcium ion concentration,2
240,GO:0016192,vesicle-mediated transport,2
241,GO:0000287,magnesium ion binding,2
242,GO:0000398,"mRNA splicing, via spliceosome",2
243,GO:0048286,lung alveolus development,2
244,GO:0071813,lipoprotein particle binding,2
245,GO:0031116,positive regulation of microtubule polymerization,2
246,GO:0006629,lipid metabolic process,2
247,GO:0005770,late endosome,2
248,GO:0019894,kinesin binding,2
249,GO:0019900,kinase binding,2
250,GO:0001822,kidney development,2
251,GO:0008283,cell population proliferation,2
252,GO:0003690,double-stranded DNA binding,2
253,GO:0042169,SH2 domain binding,2
254,GO:0006814,sodium ion transport,2
255,GO:0031369,translation initiation factor binding,2
256,GO:0061564,axon development,2
257,GO:0071013,catalytic step 2 spliceosome,2
258,GO:0001666,response to hypoxia,2
259,GO:0031625,ubiquitin protein ligase binding,2
260,GO:1904115,axon cytoplasm,2
261,GO:0043195,terminal bouton,2
262,GO:0005078,MAP-kinase scaffold activity,2
263,GO:0030673,axolemma,2
264,GO:0000165,MAPK cascade,2
265,GO:0043565,sequence-specific DNA binding,2
266,GO:0009636,response to toxic substance,2
267,GO:0070776,MOZ/MORF histone acetyltransferase complex,2
268,GO:0005096,GTPase activator activity,2
269,GO:0016055,Wnt signaling pathway,2
270,GO:0034774,secretory granule lumen,2
271,GO:0005802,trans-Golgi network,2
272,GO:1905150,regulation of voltage-gated sodium channel activity,2
273,GO:0009952,anterior/posterior pattern specification,2
274,GO:0000977,RNA polymerase II transcription regulatory region sequence-specific DNA binding,2
275,GO:0030672,synaptic vesicle membrane,2
276,GO:0070588,calcium ion transmembrane transport,2
277,GO:0005667,transcription regulator complex,2
278,GO:0045177,apical part of cell,2
279,GO:0042383,sarcolemma,2
280,GO:0009617,response to bacterium,2
281,GO:0006366,transcription by RNA polymerase II,2
282,GO:0036477,somatodendritic compartment,2
283,GO:0014823,response to activity,2
284,GO:0030054,cell junction,2
285,GO:0007224,smoothened signaling pathway,2
286,GO:0072562,blood microparticle,2
287,GO:0051145,smooth muscle cell differentiation,2
288,GO:0006919,activation of cysteine-type endopeptidase activity involved in apoptotic process,2
289,GO:0098685,Schaffer collateral - CA1 synapse,2
290,GO:0030154,cell differentiation,2
291,GO:0019896,axonal transport of mitochondrion,2
292,GO:0007155,cell adhesion,2
293,GO:1990000,amyloid fibril formation,2
294,GO:0001540,amyloid-beta binding,2
295,GO:0009642,response to light intensity,2
296,GO:0001708,cell fate specification,2
297,GO:0017080,sodium channel regulator activity,2
298,GO:0008021,synaptic vesicle,2
299,GO:0019076,viral release from host cell,1
300,GO:0010508,positive regulation of autophagy,1
301,GO:2000767,positive regulation of cytoplasmic translation,1
302,GO:0048488,synaptic vesicle endocytosis,1
303,GO:1905205,positive regulation of connective tissue replacement,1
304,GO:0001725,stress fiber,1
305,GO:0034063,stress granule assembly,1
306,GO:0019827,stem cell population maintenance,1
307,GO:1905820,positive regulation of chromosome separation,1
308,GO:0016188,synaptic vesicle maturation,1
309,GO:0045773,positive regulation of axon extension,1
310,GO:1905689,positive regulation of diacylglycerol kinase activity,1
311,GO:0030501,positive regulation of bone mineralization,1
312,GO:0051984,positive regulation of chromosome segregation,1
313,GO:1905821,positive regulation of chromosome condensation,1
314,GO:1903861,positive regulation of dendrite extension,1
315,GO:0045785,positive regulation of cell adhesion,1
316,GO:1905665,positive regulation of calcium ion import across plasma membrane,1
317,GO:0006790,sulfur compound metabolic process,1
318,GO:0043085,positive regulation of catalytic activity,1
319,GO:0060074,synapse maturation,1
320,GO:0010942,positive regulation of cell death,1
321,GO:1903244,positive regulation of cardiac muscle hypertrophy in response to stress,1
322,GO:0010613,positive regulation of cardiac muscle hypertrophy,1
323,GO:0051781,positive regulation of cell division,1
324,GO:0045807,positive regulation of endocytosis,1
325,GO:0044790,suppression of viral release by host,1
326,GO:2000727,positive regulation of cardiac muscle cell differentiation,1
327,GO:0061051,positive regulation of cell growth involved in cardiac muscle cell development,1
328,GO:1903886,positive regulation of chemokine (C-C motif) ligand 20 production,1
329,GO:0050808,synapse organization,1
330,GO:0008146,sulfotransferase activity,1
331,GO:0034446,substrate adhesion-dependent cell spreading,1
332,GO:2000147,positive regulation of cell motility,1
333,GO:0008039,synaptic target recognition,1
334,GO:0007601,visual perception,1
335,GO:0005863,striated muscle myosin thick filament,1
336,GO:0045787,positive regulation of cell cycle,1
337,GO:0001618,virus receptor activity,1
338,GO:0097435,supramolecular fiber organization,1
339,GO:0051246,regulation of protein metabolic process,1
340,GO:0030858,positive regulation of epithelial cell differentiation,1
341,GO:0050769,positive regulation of neurogenesis,1
342,GO:0045621,positive regulation of lymphocyte differentiation,1
343,GO:1905167,positive regulation of lysosomal protein catabolic process,1
344,GO:1905612,positive regulation of mRNA cap binding,1
345,GO:2001055,positive regulation of mesenchymal cell apoptotic process,1
346,GO:1902895,positive regulation of miRNA transcription,1
347,GO:0015081,sodium ion transmembrane transporter activity,1
348,GO:0045840,positive regulation of mitotic nuclear division,1
349,GO:0045933,positive regulation of muscle contraction,1
350,GO:0045663,positive regulation of myoblast differentiation,1
351,GO:2000179,positive regulation of neural precursor cell proliferation,1
352,GO:0035725,sodium ion transmembrane transport,1
353,GO:0048745,smooth muscle tissue development,1
354,GO:0006939,smooth muscle contraction,1
355,GO:0048863,stem cell differentiation,1
356,GO:0043525,positive regulation of neuron apoptotic process,1
357,GO:1901216,positive regulation of neuron death,1
358,GO:0099022,vesicle tethering,1
359,GO:2001224,positive regulation of neuron migration,1
360,GO:0010976,positive regulation of neuron projection development,1
361,GO:1900153,"positive regulation of nuclear-transcribed mRNA catabolic process, deadenylation-dependent decay",1
362,GO:0060213,positive regulation of nuclear-transcribed mRNA poly(A) tail shortening,1
363,GO:0007264,small GTPase mediated signal transduction,1
364,GO:0048714,positive regulation of oligodendrocyte differentiation,1
365,GO:0006901,vesicle coating,1
366,GO:0036057,slit diaphragm,1
367,GO:0045672,positive regulation of osteoclast differentiation,1
368,GO:0051349,positive regulation of lyase activity,1
369,GO:1903238,positive regulation of leukocyte tethering or rolling,1
370,GO:0010592,positive regulation of lamellipodium assembly,1
371,GO:0033674,positive regulation of kinase activity,1
372,GO:0061669,spontaneous neurotransmitter secretion,1
373,GO:0050679,positive regulation of epithelial cell proliferation,1
374,GO:1903905,positive regulation of establishment of T cell polarity,1
375,GO:0019074,viral RNA genome packaging,1
376,GO:1905537,positive regulation of eukaryotic translation initiation factor 4F complex assembly,1
377,GO:2000463,positive regulation of excitatory postsynaptic potential,1
378,GO:0048146,positive regulation of fibroblast proliferation,1
379,GO:0000244,spliceosomal tri-snRNP complex assembly,1
380,GO:0090193,positive regulation of glomerulus development,1
381,GO:0045725,positive regulation of glycogen biosynthetic process,1
382,GO:0045821,positive regulation of glycolytic process,1
383,GO:0000922,spindle pole,1
384,GO:0010560,positive regulation of glycoprotein biosynthetic process,1
385,GO:0007051,spindle organization,1
386,GO:0051571,positive regulation of histone H3-K4 methylation,1
387,GO:2001162,positive regulation of histone H3-K79 methylation,1
388,GO:0005819,spindle,1
389,GO:0097151,positive regulation of inhibitory postsynaptic potential,1
390,GO:0043568,positive regulation of insulin-like growth factor receptor signaling pathway,1
391,GO:0021530,spinal cord oligodendrocyte cell fate specification,1
392,GO:0032728,positive regulation of interferon-beta production,1
393,GO:1903883,positive regulation of interleukin-17-mediated signaling pathway,1
394,GO:0032755,positive regulation of interleukin-6 production,1
395,GO:0021522,spinal cord motor neuron differentiation,1
396,GO:0097443,sorting endosome,1
397,GO:0046326,positive regulation of glucose import,1
398,GO:0007130,synaptonemal complex assembly,1
399,GO:0030838,positive regulation of actin filament polymerization,1
400,GO:0006119,oxidative phosphorylation,1
401,GO:0047429,nucleoside triphosphate diphosphatase activity,1
402,GO:0000786,nucleosome,1
403,GO:0006334,nucleosome assembly,1
404,GO:0003743,translation initiation factor activity,1
405,GO:0050872,white fat cell differentiation,1
406,GO:0014003,oligodendrocyte development,1
407,GO:0006730,one-carbon metabolic process,1
408,GO:0031628,opioid receptor binding,1
409,GO:0021631,optic nerve morphogenesis,1
410,GO:0035265,organ growth,1
411,GO:0002076,osteoblast development,1
412,GO:0008135,"translation factor activity, RNA binding",1
413,GO:0003148,outflow tract septum morphogenesis,1
414,GO:0016684,"oxidoreductase activity, acting on peroxide as acceptor",1
415,GO:2000251,positive regulation of actin cytoskeleton reorganization,1
416,GO:0003326,pancreatic A cell fate commitment,1
417,GO:0003329,pancreatic PP cell fate commitment,1
418,GO:0042277,peptide binding,1
419,GO:0061733,peptide-lysine-N-acetyltransferase activity,1
420,GO:0008113,peptide-methionine (S)-S-oxide reductase activity,1
421,GO:0070262,peptidyl-serine dephosphorylation,1
422,GO:0008494,translation activator activity,1
423,GO:0006412,translation,1
424,GO:0035335,peptidyl-tyrosine dephosphorylation,1
425,GO:0014883,transition between fast and slow fiber,1
426,GO:0005721,pericentric heterochromatin,1
427,GO:0000242,pericentriolar material,1
428,GO:0007179,transforming growth factor beta receptor signaling pathway,1
429,GO:0009143,nucleoside triphosphate catabolic process,1
430,GO:0006413,translational initiation,1
431,GO:0004714,transmembrane receptor protein tyrosine kinase activity,1
432,GO:0015851,nucleobase transport,1
433,GO:0003323,type B pancreatic cell development,1
434,GO:0045298,tubulin complex,1
435,GO:0015631,tubulin binding,1
436,GO:0035148,tube formation,1
437,GO:0008188,neuropeptide receptor activity,1
438,GO:0007218,neuropeptide signaling pathway,1
439,GO:0001829,trophectodermal cell differentiation,1
440,GO:0038060,nitric oxide-cGMP-mediated signaling pathway,1
441,GO:0004715,non-membrane spanning protein tyrosine kinase activity,1
442,GO:0070419,nonhomologous end joining complex,1
443,GO:0042272,nuclear RNA export factor complex,1
444,GO:0006641,triglyceride metabolic process,1
445,GO:0016604,nuclear body,1
446,GO:0005635,nuclear envelope,1
447,GO:0005215,transporter activity,1
448,GO:0061608,nuclear import signal receptor activity,1
449,GO:0042405,nuclear inclusion body,1
450,GO:0031965,nuclear membrane,1
451,GO:0034399,nuclear periphery,1
452,GO:0005643,nuclear pore,1
453,GO:0035313,"wound healing, spreading of epidermal cells",1
454,GO:0000783,nuclear telomere cap complex,1
455,GO:0000184,"nuclear-transcribed mRNA catabolic process, nonsense-mediated decay",1
456,GO:0003676,nucleic acid binding,1
457,GO:0005005,transmembrane-ephrin receptor activity,1
458,GO:0007169,transmembrane receptor protein tyrosine kinase signaling pathway,1
459,GO:0015205,nucleobase transmembrane transporter activity,1
460,GO:0008076,voltage-gated potassium channel complex,1
461,GO:0005782,peroxisomal matrix,1
462,GO:0016740,transferase activity,1
463,GO:0034381,plasma lipoprotein particle clearance,1
464,GO:0007009,plasma membrane organization,1
465,GO:0030168,platelet activation,1
466,GO:0005891,voltage-gated calcium channel complex,1
467,GO:0072386,plus-end-directed organelle transport along microtubule,1
468,GO:0008143,poly(A) binding,1
469,GO:0016973,poly(A)+ mRNA export from nucleus,1
470,GO:0008266,poly(U) RNA binding,1
471,GO:0030247,polysaccharide binding,1
472,GO:0005844,polysome,1
473,GO:0044794,positive regulation by host of viral process,1
474,GO:0030513,positive regulation of BMP signaling pathway,1
475,GO:0042162,telomeric DNA binding,1
476,GO:0000723,telomere maintenance,1
477,GO:0005245,voltage-gated calcium channel activity,1
478,GO:0021537,telencephalon development,1
479,GO:0070374,positive regulation of ERK1 and ERK2 cascade,1
480,GO:1900087,positive regulation of G1/S transition of mitotic cell cycle,1
481,GO:0043123,positive regulation of I-kappaB kinase/NF-kappaB signaling,1
482,GO:0017075,syntaxin-1 binding,1
483,GO:1900745,positive regulation of p38MAPK cascade,1
484,GO:0000795,synaptonemal complex,1
485,GO:0033120,positive regulation of RNA splicing,1
486,GO:0046579,positive regulation of Ras protein signal transduction,1
487,GO:2000406,positive regulation of T cell migration,1
488,GO:0032008,positive regulation of TOR signaling,1
489,GO:0048499,synaptic vesicle membrane organization,1
490,GO:1904234,positive regulation of aconitate hydratase activity,1
491,GO:0099508,voltage-gated ion channel activity involved in regulation of presynaptic membrane potential,1
492,GO:0098684,photoreceptor ribbon synapse,1
493,GO:0005777,peroxisome,1
494,GO:0001784,phosphotyrosine residue binding,1
495,GO:0000425,pexophagy,1
496,GO:0016791,phosphatase activity,1
497,GO:0055062,phosphate ion homeostasis,1
498,GO:0006796,phosphate-containing compound metabolic process,1
499,GO:0006391,transcription initiation at mitochondrial promoter,1
500,GO:0035004,phosphatidylinositol 3-kinase activity,1
501,GO:0005942,phosphatidylinositol 3-kinase complex,1
502,GO:0006368,transcription elongation by RNA polymerase II promoter,1
503,GO:0005249,voltage-gated potassium channel activity,1
504,GO:0005943,"phosphatidylinositol 3-kinase complex, class IA",1
505,GO:0005944,"phosphatidylinositol 3-kinase complex, class IB",1
506,GO:0043130,ubiquitin binding,1
507,GO:0000151,ubiquitin ligase complex,1
508,GO:0035091,phosphatidylinositol binding,1
509,GO:1902936,phosphatidylinositol bisphosphate binding,1
510,GO:0052742,phosphatidylinositol kinase activity,1
511,GO:0046854,phosphatidylinositol phosphate biosynthetic process,1
512,GO:0052812,"phosphatidylinositol-3,4-bisphosphate 5-kinase activity",1
513,GO:0036092,phosphatidylinositol-3-phosphate biosynthetic process,1
514,GO:0046934,"phosphatidylinositol-4,5-bisphosphate 3-kinase activity",1
515,GO:0006659,phosphatidylserine biosynthetic process,1
516,GO:0004528,phosphodiesterase I activity,1
517,GO:0014820,tonic smooth muscle contraction,1
518,GO:0015914,phospholipid transport,1
519,GO:0016310,phosphorylation,1
520,GO:0050815,phosphoserine residue binding,1
521,GO:0001894,tissue homeostasis,1
522,GO:0051353,positive regulation of oxidoreductase activity,1
523,GO:1903829,positive regulation of protein localization,1
524,GO:0001501,skeletal system development,1
525,GO:0001560,regulation of cell growth by extracellular stimulus,1
526,GO:0046686,response to cadmium ion,1
527,GO:0000725,recombinational repair,1
528,GO:0055037,recycling endosome,1
529,GO:2000311,regulation of AMPA receptor activity,1
530,GO:0043370,"regulation of CD4-positive, alpha-beta T cell differentiation",1
531,GO:1903544,response to butyrate,1
532,GO:0001975,response to amphetamine,1
533,GO:0014075,response to amine,1
534,GO:0035023,regulation of Rho protein signal transduction,1
535,GO:2000249,regulation of actin cytoskeleton reorganization,1
536,GO:0009411,response to UV,1
537,GO:0110053,regulation of actin filament organization,1
538,GO:0045761,regulation of adenylate cyclase activity,1
539,GO:0033591,response to L-ascorbic acid,1
540,GO:0008217,regulation of blood pressure,1
541,GO:0030500,regulation of bone mineralization,1
542,GO:2000479,regulation of cAMP-dependent protein kinase activity,1
543,GO:1902514,regulation of calcium ion transmembrane transport via high voltage-gated calcium channel,1
544,GO:0050848,regulation of calcium-mediated signaling,1
545,GO:1903779,regulation of cardiac conduction,1
546,GO:0098909,regulation of cardiac muscle cell action potential involved in regulation of contraction,1
547,GO:0033198,response to ATP,1
548,GO:0003016,respiratory system process,1
549,GO:0097205,renal filtration,1
550,GO:0055119,relaxation of cardiac muscle,1
551,GO:0001657,ureteric bud development,1
552,GO:0030155,regulation of cell adhesion,1
553,GO:0051592,response to calcium ion,1
554,GO:0061771,response to caloric restriction,1
555,GO:0009409,response to cold,1
556,GO:0042542,response to hydrogen peroxide,1
557,GO:0010039,response to iron ion,1
558,GO:0004725,protein tyrosine phosphatase activity,1
559,GO:0032868,response to insulin,1
560,GO:0010035,response to inorganic substance,1
561,GO:0032993,protein-DNA complex,1
562,GO:0060065,uterus development,1
563,GO:0014854,response to inactivity,1
564,GO:0030674,protein-macromolecule adaptor activity,1
565,GO:0030166,proteoglycan biosynthetic process,1
566,GO:0021859,pyramidal neuron differentiation,1
567,GO:0055093,response to hyperoxia,1
568,GO:0004736,pyruvate carboxylase activity,1
569,GO:0009408,response to heat,1
570,GO:0071548,response to dexamethasone,1
571,GO:0006090,pyruvate metabolic process,1
572,GO:0009749,response to glucose,1
573,GO:0000179,"rRNA (adenine-N6,N6-)-dimethyltransferase activity",1
574,GO:0016072,rRNA metabolic process,1
575,GO:0031167,rRNA methylation,1
576,GO:0070542,response to fatty acid,1
577,GO:0007259,receptor signaling pathway via JAK-STAT,1
578,GO:0030971,receptor tyrosine kinase binding,1
579,GO:0060157,urinary bladder development,1
580,GO:0006898,receptor-mediated endocytosis,1
581,GO:0090118,receptor-mediated endocytosis involved in cholesterol transport,1
582,GO:0032355,response to estradiol,1
583,GO:0051726,regulation of cell cycle,1
584,GO:1901385,regulation of voltage-gated calcium channel activity,1
585,GO:0004713,protein tyrosine kinase activity,1
586,GO:0003056,regulation of vascular associated smooth muscle contraction,1
587,GO:0048169,regulation of long-term neuronal synaptic plasticity,1
588,GO:0009966,regulation of signal transduction,1
589,GO:1900452,regulation of long-term synaptic depression,1
590,GO:0042391,regulation of membrane potential,1
591,GO:0060964,regulation of miRNA-mediated gene silencing,1
592,GO:0070507,regulation of microtubule cytoskeleton organization,1
593,GO:0031113,regulation of microtubule polymerization,1
594,GO:0031110,regulation of microtubule polymerization or depolymerization,1
595,GO:0090140,regulation of mitochondrial fission,1
596,GO:0090266,regulation of mitotic cell cycle spindle assembly checkpoint,1
597,GO:0048172,regulation of short-term neuronal synaptic plasticity,1
598,GO:0045661,regulation of myoblast differentiation,1
599,GO:1901214,regulation of neuron death,1
600,GO:2001020,regulation of response to DNA damage stimulus,1
601,GO:2001222,regulation of neuron migration,1
602,GO:0048168,regulation of neuronal synaptic plasticity,1
603,GO:2000474,regulation of opioid receptor signaling pathway,1
604,GO:1900239,regulation of phenotypic switching,1
605,GO:0010899,regulation of phosphatidylcholine catabolic process,1
606,GO:1905696,regulation of polysome binding,1
607,GO:1905606,regulation of presynapse assembly,1
608,GO:0070613,regulation of protein processing,1
609,GO:0099505,regulation of presynaptic membrane potential,1
610,GO:0045322,unmethylated CpG binding,1
611,GO:0043393,regulation of protein binding,1
612,GO:0001932,regulation of protein phosphorylation,1
613,GO:1905475,regulation of protein localization to membrane,1
614,GO:0046626,regulation of insulin receptor signaling pathway,1
615,GO:0035065,regulation of histone acetylation,1
616,GO:0051569,regulation of histone H3-K4 methylation,1
617,GO:0090128,regulation of synapse maturation,1
618,GO:0006446,regulation of translational initiation,1
619,GO:2000145,regulation of cell motility,1
620,GO:0042127,regulation of cell population proliferation,1
621,GO:0061006,regulation of cell proliferation involved in kidney morphogenesis,1
622,GO:0022407,regulation of cell-cell adhesion,1
623,GO:0001952,regulation of cell-matrix adhesion,1
624,GO:0043457,regulation of cellular respiration,1
625,GO:1900034,regulation of cellular response to heat,1
626,GO:1900076,regulation of cellular response to insulin stimulus,1
627,GO:0080135,regulation of cellular response to stress,1
628,GO:2000300,regulation of synaptic vesicle exocytosis,1
629,GO:0090181,regulation of cholesterol metabolic process,1
630,GO:0033044,regulation of chromosome organization,1
631,GO:0051056,regulation of small GTPase mediated signal transduction,1
632,GO:0048660,regulation of smooth muscle cell proliferation,1
633,GO:0042752,regulation of circadian rhythm,1
634,GO:0051480,regulation of cytosolic calcium ion concentration,1
635,GO:0050773,regulation of dendrite development,1
636,GO:0050793,regulation of developmental process,1
637,GO:0030100,regulation of endocytosis,1
638,GO:0045604,regulation of epidermal cell differentiation,1
639,GO:0017157,regulation of exocytosis,1
640,GO:0010722,regulation of ferrochelatase activity,1
641,GO:0010468,regulation of gene expression,1
642,GO:1903706,regulation of hemopoiesis,1
643,GO:0051150,regulation of smooth muscle cell differentiation,1
644,GO:0048812,neuron projection morphogenesis,1
645,GO:0015031,protein transport,1
646,GO:0043403,skeletal muscle tissue regeneration,1
647,GO:0048787,presynaptic active zone membrane,1
648,GO:0051795,positive regulation of timing of catagen,1
649,GO:0030229,very-low-density lipoprotein particle receptor activity,1
650,GO:2000679,positive regulation of transcription regulatory region DNA binding,1
651,GO:0030730,sequestering of triglyceride,1
652,GO:0036493,positive regulation of translation in response to endoplasmic reticulum stress,1
653,GO:0010867,positive regulation of triglyceride biosynthetic process,1
654,GO:1904075,positive regulation of trophectodermal cell proliferation,1
655,GO:0032760,positive regulation of tumor necrosis factor production,1
656,GO:1903265,positive regulation of tumor necrosis factor-mediated signaling pathway,1
657,GO:0042531,positive regulation of tyrosine phosphorylation of STAT protein,1
658,GO:1904707,positive regulation of vascular associated smooth muscle cell proliferation,1
659,GO:0030949,positive regulation of vascular endothelial growth factor receptor signaling pathway,1
660,GO:0045070,positive regulation of viral genome replication,1
661,GO:1901387,positive regulation of voltage-gated calcium channel activity,1
662,GO:1903818,positive regulation of voltage-gated potassium channel activity,1
663,GO:0090303,positive regulation of wound healing,1
664,GO:0014069,postsynaptic density,1
665,GO:0098839,postsynaptic density membrane,1
666,GO:0045211,postsynaptic membrane,1
667,GO:0005044,scavenger receptor activity,1
668,GO:0099170,postsynaptic modulation of chemical synaptic transmission,1
669,GO:0055012,ventricular cardiac muscle cell differentiation,1
670,GO:0071805,potassium ion transmembrane transport,1
671,GO:0097157,pre-mRNA intronic binding,1
672,GO:0060134,prepulse inhibition,1
673,GO:0030687,"preribosome, large subunit precursor",1
674,GO:0098793,presynapse,1
675,GO:0050806,positive regulation of synaptic transmission,1
676,GO:0051965,positive regulation of synapse assembly,1
677,GO:0032930,positive regulation of superoxide anion generation,1
678,GO:0051247,positive regulation of protein metabolic process,1
679,GO:0014834,skeletal muscle satellite cell maintenance involved in skeletal muscle regeneration,1
680,GO:0014816,skeletal muscle satellite cell differentiation,1
681,GO:0014719,skeletal muscle satellite cell activation,1
682,GO:0010863,positive regulation of phospholipase C activity,1
683,GO:0032436,positive regulation of proteasomal ubiquitin-dependent protein catabolic process,1
684,GO:0048741,skeletal muscle fiber development,1
685,GO:0003697,single-stranded DNA binding,1
686,GO:0045732,positive regulation of protein catabolic process,1
687,GO:0140448,signaling receptor ligand precursor processing,1
688,GO:0045860,positive regulation of protein kinase activity,1
689,GO:1902474,positive regulation of protein localization to synapse,1
690,GO:0030159,signaling receptor complex adaptor activity,1
691,GO:0001934,positive regulation of protein phosphorylation,1
692,GO:1904231,positive regulation of succinate dehydrogenase activity,1
693,GO:0050714,positive regulation of protein secretion,1
694,GO:0071902,positive regulation of protein serine/threonine kinase activity,1
695,GO:0005102,signaling receptor binding,1
696,GO:0045862,positive regulation of proteolysis,1
697,GO:0046878,positive regulation of saliva secretion,1
698,GO:0048643,positive regulation of skeletal muscle tissue development,1
699,GO:0051057,positive regulation of small GTPase mediated signal transduction,1
700,GO:0051152,positive regulation of smooth muscle cell differentiation,1
701,GO:0014911,positive regulation of smooth muscle cell migration,1
702,GO:0023019,signal transduction involved in regulation of gene expression,1
703,GO:0045987,positive regulation of smooth muscle contraction,1
704,GO:0051155,positive regulation of striated muscle cell differentiation,1
705,GO:0097110,scaffold protein binding,1
706,GO:0099171,presynaptic modulation of chemical synaptic transmission,1
707,GO:0051262,protein tetramerization,1
708,GO:0070064,proline-rich region binding,1
709,GO:0009314,response to radiation,1
710,GO:0001944,vasculature development,1
711,GO:0004860,protein kinase inhibitor activity,1
712,GO:0072659,protein localization to plasma membrane,1
713,GO:0032570,response to progesterone,1
714,GO:0080184,response to phenylpropanoid,1
715,GO:0010193,response to ozone,1
716,GO:0051721,protein phosphatase 2A binding,1
717,GO:0038084,vascular endothelial growth factor signaling pathway,1
718,GO:0006979,response to oxidative stress,1
719,GO:0014070,response to organic cyclic compound,1
720,GO:1990089,response to nerve growth factor,1
721,GO:0051258,protein polymerization,1
722,GO:0035994,response to muscle stretch,1
723,GO:0014870,response to muscle inactivity,1
724,GO:0016485,protein processing,1
725,GO:0030091,protein repair,1
726,GO:0014850,response to muscle activity,1
727,GO:0032026,response to magnesium ion,1
728,GO:0140311,protein sequestering activity,1
729,GO:0043539,protein serine/threonine kinase activator activity,1
730,GO:1904738,vascular associated smooth muscle cell migration,1
731,GO:0004722,protein serine/threonine phosphatase activity,1
732,GO:0008287,protein serine/threonine phosphatase complex,1
733,GO:0050821,protein stabilization,1
734,GO:0043201,response to leucine,1
735,GO:0006612,protein targeting to membrane,1
736,GO:0008426,protein kinase C inhibitor activity,1
737,GO:0005080,protein kinase C binding,1
738,GO:0000302,response to reactive oxygen species,1
739,GO:0051865,protein autoubiquitination,1
740,GO:1990841,promoter-specific chromatin binding,1
741,GO:0019230,proprioception,1
742,GO:0060580,ventral spinal cord interneuron fate determination,1
743,GO:0002020,protease binding,1
744,GO:0032587,ruffle membrane,1
745,GO:1990904,ribonucleoprotein complex,1
746,GO:0031290,retinal ganglion cell axon guidance,1
747,GO:0035871,protein K11-linked deubiquitination,1
748,GO:0009410,response to xenobiotic stimulus,1
749,GO:0044313,protein K6-linked deubiquitination,1
750,GO:0033197,response to vitamin E,1
751,GO:0016540,protein autoprocessing,1
752,GO:0042311,vasodilation,1
753,GO:0043422,protein kinase B binding,1
754,GO:0033189,response to vitamin A,1
755,GO:0001570,vasculogenesis,1
756,GO:0030163,protein catabolic process,1
757,GO:0034612,response to tumor necrosis factor,1
758,GO:0006482,protein demethylation,1
759,GO:0006470,protein dephosphorylation,1
760,GO:0016926,protein desumoylation,1
761,GO:0016579,protein deubiquitination,1
762,GO:0046983,protein dimerization activity,1
763,GO:0018344,protein geranylgeranylation,1
764,GO:0051291,protein heterooligomerization,1
765,GO:0051260,protein homooligomerization,1
766,GO:0003327,type B pancreatic cell fate commitment,1
767,GO:0016303,1-phosphatidylinositol-3-kinase activity,1
768,GO:0031175,neuron projection development,1
769,GO:0007160,cell-matrix adhesion,1
770,GO:0030030,cell projection organization,1
771,GO:0000902,cell morphogenesis,1
772,GO:0031252,cell leading edge,1
773,GO:0051301,cell division,1
774,GO:0060326,cell chemotaxis,1
775,GO:0044297,cell body,1
776,GO:0033627,cell adhesion mediated by integrin,1
777,GO:0001775,cell activation,1
778,GO:0098655,cation transmembrane transport,1
779,GO:0005261,cation channel activity,1
780,GO:0062151,catalase complex,1
781,GO:0004096,catalase activity,1
782,GO:0035051,cardiocyte differentiation,1
783,GO:0003231,cardiac ventricle development,1
784,GO:0060947,cardiac vascular smooth muscle cell differentiation,1
785,GO:0098742,cell-cell adhesion via plasma-membrane adhesion molecules,1
786,GO:0031589,cell-substrate adhesion,1
787,GO:0008150,biological_process,1
788,GO:0006874,cellular calcium ion homeostasis,1
789,GO:0071398,cellular response to fatty acid,1
790,GO:0071392,cellular response to estradiol stimulus,1
791,GO:0071386,cellular response to corticosterone stimulus,1
792,GO:0071280,cellular response to copper ion,1
793,GO:1990416,cellular response to brain-derived neurotrophic factor stimulus,1
794,GO:0071242,cellular response to ammonium ion,1
795,GO:0071481,cellular response to X-ray,1
796,GO:0030643,cellular phosphate ion homeostasis,1
797,GO:0034645,cellular macromolecule biosynthetic process,1
798,GO:0006879,cellular iron ion homeostasis,1
799,GO:0071476,cellular hypotonic response,1
800,GO:0071474,cellular hyperosmotic response,1
801,GO:0019725,cellular homeostasis,1
802,GO:0061692,cellular detoxification of hydrogen peroxide,1
803,GO:0043954,cellular component maintenance,1
804,GO:0014898,cardiac muscle hypertrophy in response to stress,1
805,GO:0060048,cardiac muscle contraction,1
806,GO:0060379,cardiac muscle cell myoblast differentiation,1
807,GO:0055007,cardiac muscle cell differentiation,1
808,GO:0045296,cadherin binding,1
809,GO:0004119,cGMP-inhibited cyclic-nucleotide phosphodiesterase activity,1
810,GO:0031526,brush border membrane,1
811,GO:0005903,brush border,1
812,GO:0050873,brown fat cell differentiation,1
813,GO:0048755,branching morphogenesis of a nerve,1
814,GO:0060444,branching involved in mammary gland duct morphogenesis,1
815,GO:0060346,bone trabecula formation,1
816,GO:0035630,bone mineralization involved in bone maturation,1
817,GO:0030282,bone mineralization,1
818,GO:0007596,blood coagulation,1
819,GO:0032060,bleb assembly,1
820,GO:0001835,blastocyst hatching,1
821,GO:0001832,blastocyst growth,1
822,GO:0009374,biotin binding,1
823,GO:0098641,cadherin binding involved in cell-cell adhesion,1
824,GO:0005955,calcineurin complex,1
825,GO:0033173,calcineurin-NFAT signaling cascade,1
826,GO:0033192,calmodulin-dependent protein phosphatase activity,1
827,GO:0086003,cardiac muscle cell contraction,1
828,GO:0010659,cardiac muscle cell apoptotic process,1
829,GO:0003161,cardiac conduction system development,1
830,GO:0005975,carbohydrate metabolic process,1
831,GO:0002191,cap-dependent translational initiation,1
832,GO:0048593,camera-type eye morphogenesis,1
833,GO:0017156,calcium-ion regulated exocytosis,1
834,GO:0097720,calcineurin-mediated signaling,1
835,GO:0048791,calcium ion-regulated exocytosis of neurotransmitter,1
836,GO:0006816,calcium ion transport,1
837,GO:0015085,calcium ion transmembrane transporter activity,1
838,GO:1990034,calcium ion export across plasma membrane,1
839,GO:1901660,calcium ion export,1
840,GO:0005262,calcium channel activity,1
841,GO:0071480,cellular response to gamma radiation,1
842,GO:0071363,cellular response to growth factor stimulus,1
843,GO:0034605,cellular response to heat,1
844,GO:0005905,clathrin-coated pit,1
845,GO:0003684,damaged DNA binding,1
846,GO:0007010,cytoskeleton organization,1
847,GO:0048788,cytoskeleton of presynaptic active zone,1
848,GO:0005881,cytoplasmic microtubule,1
849,GO:0004869,cysteine-type endopeptidase inhibitor activity,1
850,GO:0004197,cysteine-type endopeptidase activity,1
851,GO:0004843,cysteine-type deubiquitinase activity,1
852,GO:0016018,cyclosporin A binding,1
853,GO:0004693,cyclin-dependent protein serine/threonine kinase activity,1
854,GO:0030332,cyclin binding,1
855,GO:0106177,cyclic-GMP-AMP hydrolase activity,1
856,GO:0060363,cranial suture morphogenesis,1
857,GO:0000796,condensin complex,1
858,GO:0000794,condensed nuclear chromosome,1
859,GO:0032963,collagen metabolic process,1
860,GO:0016929,deSUMOylase activity,1
861,GO:0051607,defense response to virus,1
862,GO:0033300,dehydroascorbic acid transmembrane transporter activity,1
863,GO:0050966,detection of mechanical stimulus involved in sensory perception of pain,1
864,GO:0097070,ductus arteriosus closure,1
865,GO:0003691,double-stranded telomeric DNA binding,1
866,GO:0097680,double-strand break repair via classical nonhomologous end joining,1
867,GO:0004551,dinucleotide phosphatase activity,1
868,GO:0101005,deubiquitinase activity,1
869,GO:0050965,detection of temperature stimulus involved in sensory perception of pain,1
870,GO:0009582,detection of abiotic stimulus,1
871,GO:0070837,dehydroascorbic acid transport,1
872,GO:0016311,dephosphorylation,1
873,GO:0044302,dentate gyrus mossy fiber,1
874,GO:0060997,dendritic spine morphogenesis,1
875,GO:0060996,dendritic spine development,1
876,GO:0032590,dendrite membrane,1
877,GO:0005251,delayed rectifier potassium channel activity,1
878,GO:0032154,cleavage furrow,1
879,GO:0030669,clathrin-coated endocytic vesicle membrane,1
880,GO:0070301,cellular response to hydrogen peroxide,1
881,GO:0032050,clathrin heavy chain binding,1
882,GO:0000801,central element,1
883,GO:0071305,cellular response to vitamin D,1
884,GO:0097237,cellular response to toxic substance,1
885,GO:0034614,cellular response to reactive oxygen species,1
886,GO:1904628,cellular response to phorbol 13-acetate 12-myristate,1
887,GO:0034599,cellular response to oxidative stress,1
888,GO:0071310,cellular response to organic substance,1
889,GO:0031669,cellular response to nutrient levels,1
890,GO:0071732,cellular response to nitric oxide,1
891,GO:1990090,cellular response to nerve growth factor stimulus,1
892,GO:0071225,cellular response to muramyl dipeptide,1
893,GO:0071287,cellular response to manganese ion,1
894,GO:0071404,cellular response to low-density lipoprotein particle stimulus,1
895,GO:0071285,cellular response to lithium ion,1
896,GO:0071464,cellular response to hydrostatic pressure,1
897,GO:0007417,central nervous system development,1
898,GO:0021954,central nervous system neuron development,1
899,GO:0021952,central nervous system projection neuron axonogenesis,1
900,GO:0002063,chondrocyte development,1
901,GO:0000987,cis-regulatory region sequence-specific DNA binding,1
902,GO:0032922,circadian regulation of gene expression,1
903,GO:0060271,cilium assembly,1
904,GO:0000781,"chromosome, telomeric region",1
905,GO:0007059,chromosome segregation,1
906,GO:0006338,chromatin remodeling,1
907,GO:0030301,cholesterol transport,1
908,GO:0007099,centriole replication,1
909,GO:0070508,cholesterol import,1
910,GO:0015485,cholesterol binding,1
911,GO:0051087,chaperone binding,1
912,GO:0021987,cerebral cortex development,1
913,GO:0021795,cerebral cortex cell migration,1
914,GO:0007098,centrosome cycle,1
915,GO:0009058,biosynthetic process,1
916,GO:0005923,bicellular tight junction,1
917,GO:0048665,neuron fate specification,1
918,GO:0006734,NADH metabolic process,1
919,GO:0001517,N-acetylglucosamine 6-O-sulfotransferase activity,1
920,GO:0071339,MLL1 complex,1
921,GO:0008349,MAP kinase kinase kinase kinase activity,1
922,GO:0090730,Las1 complex,1
923,GO:1990454,L-type voltage-gated calcium channel complex,1
924,GO:0106245,L-serine-phosphatidylethanolamine phosphatidyltransferase activity,1
925,GO:0106258,L-serine-phosphatidylcholine phosphatidyltransferase activity,1
926,GO:0036456,L-methionine-(S)-S-oxide reductase activity,1
927,GO:1990221,L-cysteine desulfurase complex,1
928,GO:0015229,L-ascorbic acid transmembrane transporter activity,1
929,GO:0015882,L-ascorbic acid transmembrane transport,1
930,GO:0019852,L-ascorbic acid metabolic process,1
931,GO:0008520,L-ascorbate:sodium symporter activity,1
932,GO:0043564,Ku70:Ku80 complex,1
933,GO:0070530,K63-linked polyubiquitin modification-dependent protein binding,1
934,GO:0006044,N-acetylglucosamine metabolic process,1
935,GO:0050661,NADP binding,1
936,GO:0048487,beta-tubulin binding,1
937,GO:0006739,NADP metabolic process,1
938,GO:0001172,RNA-templated transcription,1
939,GO:0031047,RNA-mediated gene silencing,1
940,GO:0003968,RNA-dependent RNA polymerase activity,1
941,GO:0000375,"RNA splicing, via transesterification reactions",1
942,GO:0008380,RNA splicing,1
943,GO:0005666,RNA polymerase III complex,1
944,GO:0061629,RNA polymerase II-specific DNA-binding transcription factor binding,1
945,GO:0005665,"RNA polymerase II, core complex",1
946,GO:0000993,RNA polymerase II complex binding,1
947,GO:0001055,RNA polymerase II activity,1
948,GO:0070412,R-SMAD binding,1
949,GO:0030165,PDZ domain binding,1
950,GO:1990666,PCSK9-LDLR complex,1
951,GO:0005388,P-type calcium transporter activity,1
952,GO:0006740,NADPH regeneration,1
953,GO:0007258,JUN phosphorylation,1
954,GO:0051879,Hsp90 protein binding,1
955,GO:0070931,Golgi-associated vesicle lumen,1
956,GO:0090168,Golgi reassembly,1
957,GO:0048208,COPII vesicle coating,1
958,GO:0061312,BMP signaling pathway involved in heart development,1
959,GO:0019829,ATPase-coupled cation transmembrane transporter activity,1
960,GO:0051117,ATPase binding,1
961,GO:0140658,ATP-dependent chromatin remodeler activity,1
962,GO:0008094,"ATP-dependent activity, acting on DNA",1
963,GO:0046034,ATP metabolic process,1
964,GO:0047693,ATP diphosphatase activity,1
965,GO:0051575,5'-deoxyribose-5-phosphate lyase activity,1
966,GO:0050427,3'-phosphoadenosine 5'-phosphosulfate metabolic process,1
967,GO:0050656,3'-phosphoadenosine 5'-phosphosulfate binding,1
968,GO:0004114,"3',5'-cyclic-nucleotide phosphodiesterase activity",1
969,GO:0047555,"3',5'-cyclic-GMP phosphodiesterase activity",1
970,GO:0051537,"2 iron, 2 sulfur cluster binding",1
971,GO:0009258,10-formyltetrahydrofolate catabolic process,1
972,GO:0070934,CRD-mediated mRNA stabilization,1
973,GO:0016593,Cdc73/Paf1 complex,1
974,GO:0032508,DNA duplex unwinding,1
975,GO:0000082,G1/S transition of mitotic cell cycle,1
976,GO:0007030,Golgi organization,1
977,GO:0005796,Golgi lumen,1
978,GO:0032580,Golgi cisterna membrane,1
979,GO:0003924,GTPase activity,1
980,GO:0036219,GTP diphosphatase activity,1
981,GO:0005092,GDP-dissociation inhibitor activity,1
982,GO:0004930,G protein-coupled receptor activity,1
983,GO:0045027,DNA end binding,1
984,GO:0006353,DNA-templated transcription termination,1
985,GO:0070418,DNA-dependent protein kinase complex,1
986,GO:0001227,"DNA-binding transcription repressor activity, RNA polymerase II-specific",1
987,GO:0003700,DNA-binding transcription factor activity,1
988,GO:0006266,DNA ligation,1
989,GO:0003678,DNA helicase activity,1
990,GO:0004663,Rab geranylgeranyltransferase activity,1
991,GO:0005968,Rab-protein geranylgeranyltransferase complex,1
992,GO:0016601,Rac protein signal transduction,1
993,GO:0090427,activation of meiosis,1
994,GO:0005642,annulate lamellae,1
995,GO:0050435,amyloid-beta metabolic process,1
996,GO:0034205,amyloid-beta formation,1
997,GO:0150094,amyloid-beta clearance by cellular catabolic process,1
998,GO:0097242,amyloid-beta clearance,1
999,GO:0042987,amyloid precursor protein catabolic process,1
1000,GO:0004046,aminoacylase activity,1
1001,GO:0035867,alphav-beta3 integrin-IGF-1-IGF1R complex,1
1002,GO:0004029,aldehyde dehydrogenase (NAD+) activity,1
1003,GO:0009060,aerobic respiration,1
1004,GO:0007628,adult walking behavior,1
1005,GO:0060612,adipose tissue development,1
1006,GO:0005912,adherens junction,1
1007,GO:0007188,adenylate cyclase-modulating G protein-coupled receptor signaling pathway,1
1008,GO:0032147,activation of protein kinase activity,1
1009,GO:0043276,anoikis,1
1010,GO:0016209,antioxidant activity,1
1011,GO:0060414,aorta smooth muscle tissue morphogenesis,1
1012,GO:0000422,autophagy of mitochondrion,1
1013,GO:0008798,beta-aspartyl-peptidase activity,1
1014,GO:0001662,behavioral fear response,1
1015,GO:0009925,basal plasma membrane,1
1016,GO:0007409,axonogenesis,1
1017,GO:0098930,axonal transport,1
1018,GO:0008046,axon guidance receptor activity,1
1019,GO:0055059,asymmetric neuroblast division,1
1020,GO:0034185,apolipoprotein binding,1
1021,GO:0048708,astrocyte differentiation,1
1022,GO:0048143,astrocyte activation,1
1023,GO:0004190,aspartic-type endopeptidase activity,1
1024,GO:0048844,artery morphogenesis,1
1025,GO:0097190,apoptotic signaling pathway,1
1026,GO:0006915,apoptotic process,1
1027,GO:0032148,activation of protein kinase B activity,1
1028,GO:0002218,activation of innate immune response,1
1029,GO:0007265,Ras protein signal transduction,1
1030,GO:0090630,activation of GTPase activity,1
1031,GO:0071005,U2-type precatalytic spliceosome,1
1032,GO:0071007,U2-type catalytic step 2 spliceosome,1
1033,GO:0071006,U2-type catalytic step 1 spliceosome,1
1034,GO:0030620,U2 snRNA binding,1
1035,GO:0030619,U1 snRNA binding,1
1036,GO:0030957,Tat protein binding,1
1037,GO:1990072,TRAPPIII protein complex,1
1038,GO:1990071,TRAPPII protein complex,1
1039,GO:0030008,TRAPP complex,1
1040,GO:0050852,T cell receptor signaling pathway,1
1041,GO:0033077,T cell differentiation in thymus,1
1042,GO:0031295,T cell costimulation,1
1043,GO:0042110,T cell activation,1
1044,GO:0070139,SUMO-specific endopeptidase activity,1
1045,GO:0017124,SH3 domain binding,1
1046,GO:0046540,U4/U6 x U5 tri-snRNP complex,1
1047,GO:0030623,U5 snRNA binding,1
1048,GO:0005682,U5 snRNP,1
1049,GO:0031532,actin cytoskeleton reorganization,1
1050,GO:0001508,action potential,1
1051,GO:0007014,actin ubiquitination,1
1052,GO:0003785,actin monomer binding,1
1053,GO:0007015,actin filament organization,1
1054,GO:0051017,actin filament bundle assembly,1
1055,GO:0051015,actin filament binding,1
1056,GO:0030036,actin cytoskeleton organization,1
1057,GO:0017070,U6 snRNA binding,1
1058,GO:0051764,actin crosslink formation,1
1059,GO:0044572,[4Fe-4S] cluster assembly,1
1060,GO:0044571,[2Fe-2S] cluster assembly,1
1061,GO:0030018,Z disc,1
1062,GO:0009650,UV protection,1
1063,GO:0036221,UTP diphosphatase activity,1
1064,GO:0034452,dynactin binding,1
1065,GO:0031901,early endosome membrane,1
1066,GO:0009792,embryo development ending in birth or egg hatching,1
1067,GO:0030835,negative regulation of actin filament depolymerization,1
1068,GO:0035024,negative regulation of Rho protein signal transduction,1
1069,GO:0032088,negative regulation of NF-kappaB transcription factor activity,1
1070,GO:0043508,negative regulation of JUN kinase activity,1
1071,GO:0032792,negative regulation of CREB transcription factor activity,1
1072,GO:0014904,myotube cell development,1
1073,GO:0017018,myosin phosphatase activity,1
1074,GO:0004687,myosin light chain kinase activity,1
1075,GO:0017022,myosin binding,1
1076,GO:0051450,myoblast proliferation,1
1077,GO:0007520,myoblast fusion,1
1078,GO:0045445,myoblast differentiation,1
1079,GO:0007517,muscle organ development,1
1080,GO:0014896,muscle hypertrophy,1
1081,GO:0005771,multivesicular body,1
1082,GO:0033555,multicellular organismal response to stress,1
1083,GO:0030178,negative regulation of Wnt signaling pathway,1
1084,GO:1904178,negative regulation of adipose tissue development,1
1085,GO:0010172,embryonic body morphogenesis,1
1086,GO:1905907,negative regulation of amyloid fibril formation,1
1087,GO:0046600,negative regulation of centriole replication,1
1088,GO:0030308,negative regulation of cell growth,1
1089,GO:0060354,negative regulation of cell adhesion molecule production,1
1090,GO:0033629,negative regulation of cell adhesion mediated by integrin,1
1091,GO:0010667,negative regulation of cardiac muscle cell apoptotic process,1
1092,GO:1905949,negative regulation of calcium ion import across plasma membrane,1
1093,GO:0043951,negative regulation of cAMP-mediated signaling,1
1094,GO:0030502,negative regulation of bone mineralization,1
1095,GO:0030195,negative regulation of blood coagulation,1
1096,GO:0010507,negative regulation of autophagy,1
1097,GO:0061889,negative regulation of astrocyte activation,1
1098,GO:2000811,negative regulation of anoikis,1
1099,GO:0016525,negative regulation of angiogenesis,1
1100,GO:1902430,negative regulation of amyloid-beta formation,1
1101,GO:1900222,negative regulation of amyloid-beta clearance,1
1102,GO:0048871,multicellular organismal homeostasis,1
1103,GO:0035264,multicellular organism growth,1
1104,GO:0007275,multicellular organism development,1
1105,GO:0140677,molecular function activator activity,1
1106,GO:0001578,microtubule bundle formation,1
1107,GO:0005875,microtubule associated complex,1
1108,GO:0001774,microglial cell activation,1
1109,GO:0035278,miRNA-mediated gene silencing by inhibition of translation,1
1110,GO:0006555,methionine metabolic process,1
1111,GO:0001656,metanephros development,1
1112,GO:0004222,metalloendopeptidase activity,1
1113,GO:0140492,metal-dependent deubiquitinase activity,1
1114,GO:0048333,mesodermal cell differentiation,1
1115,GO:0007498,mesoderm development,1
1116,GO:0060916,mesenchymal cell proliferation involved in lung development,1
1117,GO:0010463,mesenchymal cell proliferation,1
1118,GO:0097152,mesenchymal cell apoptotic process,1
1119,GO:0006509,membrane protein ectodomain proteolysis,1
1120,GO:0061025,membrane fusion,1
1121,GO:0015630,microtubule cytoskeleton,1
1122,GO:0099609,microtubule lateral binding,1
1123,GO:0031023,microtubule organizing center organization,1
1124,GO:0005741,mitochondrial outer membrane,1
1125,GO:0097431,mitotic spindle pole,1
1126,GO:0051306,mitotic sister chromatid separation,1
1127,GO:0007076,mitotic chromosome condensation,1
1128,GO:0007005,mitochondrion organization,1
1129,GO:0034246,mitochondrial transcription factor activity,1
1130,GO:0006390,mitochondrial transcription,1
1131,GO:0042645,mitochondrial nucleoid,1
1132,GO:0051010,microtubule plus-end binding,1
1133,GO:0031966,mitochondrial membrane,1
1134,GO:0099128,mitochondrial iron-sulfur cluster assembly complex,1
1135,GO:0005758,mitochondrial intermembrane space,1
1136,GO:0008053,mitochondrial fusion,1
1137,GO:0003680,minor groove of adenine-thymine-rich DNA binding,1
1138,GO:0030033,microvillus assembly,1
1139,GO:0035562,negative regulation of chromatin binding,1
1140,GO:0048671,negative regulation of collateral sprouting,1
1141,GO:0045959,"negative regulation of complement activation, classical pathway",1
1142,GO:1900152,"negative regulation of nuclear-transcribed mRNA catabolic process, deadenylation-dependent decay",1
1143,GO:0034392,negative regulation of smooth muscle cell apoptotic process,1
1144,GO:1902723,negative regulation of skeletal muscle satellite cell proliferation,1
1145,GO:2001015,negative regulation of skeletal muscle cell differentiation,1
1146,GO:0023057,negative regulation of signaling,1
1147,GO:1902725,negative regulation of satellite cell differentiation,1
1148,GO:0001920,negative regulation of receptor recycling,1
1149,GO:0045861,negative regulation of proteolysis,1
1150,GO:0051248,negative regulation of protein metabolic process,1
1151,GO:0031953,negative regulation of protein autophosphorylation,1
1152,GO:2000587,negative regulation of platelet-derived growth factor receptor-beta signaling pathway,1
1153,GO:2000584,negative regulation of platelet-derived growth factor receptor-alpha signaling pathway,1
1154,GO:0042326,negative regulation of phosphorylation,1
1155,GO:0010801,negative regulation of peptidyl-threonine phosphorylation,1
1156,GO:0046621,negative regulation of organ growth,1
1157,GO:0060283,negative regulation of oocyte development,1
1158,GO:0021914,negative regulation of smoothened signaling pathway involved in ventral spinal cord patterning,1
1159,GO:0010944,negative regulation of transcription by competitive promoter binding,1
1160,GO:2000678,negative regulation of transcription regulatory region DNA binding,1
1161,GO:0038007,netrin-activated signaling pathway,1
1162,GO:0007528,neuromuscular junction development,1
1163,GO:0031594,neuromuscular junction,1
1164,GO:1902988,neurofibrillary tangle assembly,1
1165,GO:0097418,neurofibrillary tangle,1
1166,GO:0061101,neuroendocrine cell differentiation,1
1167,GO:0003407,neural retina development,1
1168,GO:0005042,netrin receptor activity,1
1169,GO:1904428,negative regulation of tubulin deacetylation,1
1170,GO:1901386,negative regulation of voltage-gated calcium channel activity,1
1171,GO:0032897,negative regulation of viral transcription,1
1172,GO:1904706,negative regulation of vascular associated smooth muscle cell proliferation,1
1173,GO:1904753,negative regulation of vascular associated smooth muscle cell migration,1
1174,GO:1905460,negative regulation of vascular associated smooth muscle cell apoptotic process,1
1175,GO:0032720,negative regulation of tumor necrosis factor production,1
1176,GO:2000623,"negative regulation of nuclear-transcribed mRNA catabolic process, nonsense-mediated decay",1
1177,GO:1901215,negative regulation of neuron death,1
1178,GO:0043154,negative regulation of cysteine-type endopeptidase activity involved in apoptotic process,1
1179,GO:0043524,negative regulation of neuron apoptotic process,1
1180,GO:1902230,negative regulation of intrinsic apoptotic signaling pathway in response to DNA damage,1
1181,GO:2001243,negative regulation of intrinsic apoptotic signaling pathway,1
1182,GO:0032691,negative regulation of interleukin-1 beta production,1
1183,GO:0061179,negative regulation of insulin secretion involved in cellular response to glucose stimulus,1
1184,GO:0046676,negative regulation of insulin secretion,1
1185,GO:1990787,negative regulation of hh target transcription factor activity,1
1186,GO:0045719,negative regulation of glycogen biosynthetic process,1
1187,GO:0048147,negative regulation of fibroblast proliferation,1
1188,GO:2000270,negative regulation of fibroblast apoptotic process,1
1189,GO:1902042,negative regulation of extrinsic apoptotic signaling pathway via death domain receptors,1
1190,GO:1903748,negative regulation of establishment of protein localization to mitochondrion,1
1191,GO:0010951,negative regulation of endopeptidase activity,1
1192,GO:0035005,1-phosphatidylinositol-4-phosphate 3-kinase activity,1
1193,GO:0051481,negative regulation of cytosolic calcium ion concentration,1
1194,GO:0001818,negative regulation of cytokine production,1
1195,GO:1902219,negative regulation of intrinsic apoptotic signaling pathway in response to osmotic stress,1
1196,GO:0045617,negative regulation of keratinocyte differentiation,1
1197,GO:0033673,negative regulation of kinase activity,1
1198,GO:1901525,negative regulation of mitophagy,1
1199,GO:0150079,negative regulation of neuroinflammatory response,1
1200,GO:0060546,negative regulation of necroptotic process,1
1201,GO:0010832,negative regulation of myotube differentiation,1
1202,GO:0045638,negative regulation of myeloid cell differentiation,1
1203,GO:0040015,negative regulation of multicellular organism growth,1
1204,GO:0045930,negative regulation of mitotic cell cycle,1
1205,GO:0010917,negative regulation of mitochondrial membrane potential,1
1206,GO:0050995,negative regulation of lipid catabolic process,1
1207,GO:0090258,negative regulation of mitochondrial fission,1
1208,GO:1903979,negative regulation of microglial cell activation,1
1209,GO:2000791,negative regulation of mesenchymal cell proliferation involved in lung development,1
1210,GO:0072201,negative regulation of mesenchymal cell proliferation,1
1211,GO:0016242,negative regulation of macroautophagy,1
1212,GO:0010989,negative regulation of low-density lipoprotein particle clearance,1
1213,GO:0042470,melanosome,1
1214,GO:0030318,melanocyte differentiation,1
1215,GO:0010032,meiotic chromosome condensation,1
1216,GO:0045444,fat cell differentiation,1
1217,GO:0097386,glial cell projection,1
1218,GO:0002314,germinal center B cell differentiation,1
1219,GO:0006091,generation of precursor metabolites and energy,1
1220,GO:0048699,generation of neurons,1
1221,GO:0043015,gamma-tubulin binding,1
1222,GO:0060364,frontal suture morphogenesis,1
1223,GO:0010994,free ubiquitin chain polymerization,1
1224,GO:0016155,formyltetrahydrofolate dehydrogenase activity,1
1225,GO:0032433,filopodium tip,1
1226,GO:0030175,filopodium,1
1227,GO:0004322,ferroxidase activity,1
1228,GO:0008198,ferrous iron binding,1
1229,GO:0008199,ferric iron binding,1
1230,GO:0051309,female meiosis chromosome separation,1
1231,GO:0015908,fatty acid transport,1
1232,GO:0021759,globus pallidus development,1
1233,GO:0006094,gluconeogenesis,1
1234,GO:0042593,glucose homeostasis,1
1235,GO:0008201,heparin binding,1
1236,GO:0043966,histone H3 acetylation,1
1237,GO:0033523,histone H2B ubiquitination,1
1238,GO:0021766,hippocampus development,1
1239,GO:0021934,hindbrain tangential cell migration,1
1240,GO:0034384,high-density lipoprotein particle clearance,1
1241,GO:0008331,high voltage-gated calcium channel activity,1
1242,GO:0020027,hemoglobin metabolic process,1
1243,GO:0006006,glucose metabolic process,1
1244,GO:0006783,heme biosynthetic process,1
1245,GO:0020037,heme binding,1
1246,GO:0004386,helicase activity,1
1247,GO:0032045,guanyl-nucleotide exchange factor complex,1
1248,GO:0005085,guanyl-nucleotide exchange factor activity,1
1249,GO:0009441,glycolate metabolic process,1
1250,GO:0005504,fatty acid binding,1
1251,GO:0019897,extrinsic component of plasma membrane,1
1252,GO:0080182,histone H3-K4 trimethylation,1
1253,GO:0030198,extracellular matrix organization,1
1254,GO:0048013,ephrin receptor signaling pathway,1
1255,GO:0043542,endothelial cell migration,1
1256,GO:0005768,endosome,1
1257,GO:0006888,endoplasmic reticulum to Golgi vesicle-mediated transport,1
1258,GO:0004866,endopeptidase inhibitor activity,1
1259,GO:0004519,endonuclease activity,1
1260,GO:0036020,endolysosome membrane,1
1261,GO:0001711,endodermal cell fate commitment,1
1262,GO:0003416,endochondral bone growth,1
1263,GO:0070166,enamel mineralization,1
1264,GO:0060059,embryonic retina morphogenesis in camera-type eye,1
1265,GO:0035880,embryonic nail plate morphogenesis,1
1266,GO:0048598,embryonic morphogenesis,1
1267,GO:0035116,embryonic hindlimb morphogenesis,1
1268,GO:0035115,embryonic forelimb morphogenesis,1
1269,GO:0007173,epidermal growth factor receptor signaling pathway,1
1270,GO:0008544,epidermis development,1
1271,GO:0001837,epithelial to mesenchymal transition,1
1272,GO:0008190,eukaryotic initiation factor 4E binding,1
1273,GO:0035640,exploration behavior,1
1274,GO:0004527,exonuclease activity,1
1275,GO:0070382,exocytic vesicle,1
1276,GO:0060076,excitatory synapse,1
1277,GO:0060079,excitatory postsynaptic potential,1
1278,GO:0016281,eukaryotic translation initiation factor 4F complex,1
1279,GO:0000791,euchromatin,1
1280,GO:0003198,epithelial to mesenchymal transition involved in endocardial cushion formation,1
1281,GO:0045184,establishment of protein localization,1
1282,GO:0045200,establishment of neuroblast polarity,1
1283,GO:0000132,establishment of mitotic spindle orientation,1
1284,GO:0030010,establishment of cell polarity,1
1285,GO:0051683,establishment of Golgi localization,1
1286,GO:0030218,erythrocyte differentiation,1
1287,GO:0070544,histone H3-K36 demethylation,1
1288,GO:0036408,histone H3K14 acetyltransferase activity,1
1289,GO:0016592,mediator complex,1
1290,GO:0006811,ion transport,1
1291,GO:0005324,long-chain fatty acid transporter activity,1
1292,GO:0015909,long-chain fatty acid transport,1
1293,GO:0036041,long-chain fatty acid binding,1
1294,GO:0001889,liver development,1
1295,GO:0042159,lipoprotein catabolic process,1
1296,GO:0005811,lipid droplet,1
1297,GO:0002088,lens development in camera-type eye,1
1298,GO:0007612,learning,1
1299,GO:0016328,lateral plasma membrane,1
1300,GO:0016301,kinase activity,1
1301,GO:0030216,keratinocyte differentiation,1
1302,GO:0018146,keratan sulfate biosynthetic process,1
1303,GO:1990229,iron-sulfur cluster assembly complex,1
1304,GO:0016226,iron-sulfur cluster assembly,1
1305,GO:0018283,iron incorporation into metallo-sulfur cluster,1
1306,GO:0007616,long-term memory,1
1307,GO:0034362,low-density lipoprotein particle,1
1308,GO:0030169,low-density lipoprotein particle binding,1
1309,GO:0006378,mRNA polyadenylation,1
1310,GO:0000470,maturation of LSU-rRNA,1
1311,GO:0000460,maturation of 5.8S rRNA,1
1312,GO:0030145,manganese ion binding,1
1313,GO:0044304,main axon,1
1314,GO:0048255,mRNA stabilization,1
1315,GO:0006397,mRNA processing,1
1316,GO:0006406,mRNA export from nucleus,1
1317,GO:0034383,low-density lipoprotein particle clearance,1
1318,GO:0003730,mRNA 3'-UTR binding,1
1319,GO:0106002,mCRD-mediated mRNA stability complex,1
1320,GO:0005765,lysosomal membrane,1
1321,GO:0043202,lysosomal lumen,1
1322,GO:0030098,lymphocyte differentiation,1
1323,GO:0005041,low-density lipoprotein particle receptor activity,1
1324,GO:0034986,iron chaperone activity,1
1325,GO:0043229,intracellular organelle,1
1326,GO:0051864,histone H3K36 demethylase activity,1
1327,GO:0048312,intracellular distribution of mitochondria,1
1328,GO:0001772,immunological synapse,1
1329,GO:0006955,immune response,1
1330,GO:0044029,hypomethylation of CpG island,1
1331,GO:0016742,"hydroxymethyl-, formyl- and related transferase activity",1
1332,GO:0042744,hydrogen peroxide catabolic process,1
1333,GO:0051427,hormone receptor binding,1
1334,GO:0005179,hormone activity,1
1335,GO:0099077,histone-dependent DNA binding,1
1336,GO:0140566,histone reader activity,1
1337,GO:0010390,histone monoubiquitination,1
1338,GO:0032452,histone demethylase activity,1
1339,GO:0042826,histone deacetylase binding,1
1340,GO:0035035,histone acetyltransferase binding,1
1341,GO:0004402,histone acetyltransferase activity,1
1342,GO:0140680,histone H3K36me/H3K36me2 demethylase activity,1
1343,GO:0001771,immunological synapse formation,1
1344,GO:1904862,inhibitory synapse assembly,1
1345,GO:0001826,inner cell mass cell differentiation,1
1346,GO:0034678,integrin alpha8-beta1 complex,1
1347,GO:0030299,intestinal cholesterol absorption,1
1348,GO:0006475,internal protein amino acid acetylation,1
1349,GO:0070102,interleukin-6-mediated signaling pathway,1
1350,GO:0045171,intercellular bridge,1
1351,GO:0007229,integrin-mediated signaling pathway,1
1352,GO:0008305,integrin complex,1
1353,GO:0042567,insulin-like growth factor ternary complex,1
1354,GO:0042472,inner ear morphogenesis,1
1355,GO:0016942,insulin-like growth factor binding protein complex,1
1356,GO:0030073,insulin secretion,1
1357,GO:0043560,insulin receptor substrate binding,1
1358,GO:0038028,insulin receptor signaling pathway via phosphatidylinositol 3-kinase,1
1359,GO:0008286,insulin receptor signaling pathway,1
1360,GO:0030505,inorganic diphosphate transport,1
1361,GO:0050774,negative regulation of dendrite morphogenesis,1
